{"stat.useItem.chiselsandbits.chiseled_wood":41,"stat.useItem.scpua.floors":4,"stat.pickup.architecturecraft.largepulley":1,"stat.useItem.minecraft.repeater":11,"stat.leaveGame":224,"stat.useItem.invisiblights.light_rod_powered":478,"stat.useItem.chiselsandbits.block_bit":48401,"stat.drop.minecraft.redstone":1,"stat.drop.scp.level1card":29,"stat.useItem.scp.foundationofficetop":3,"stat.useItem.scp.foundationfloora":231,"stat.drop.scp.foundationwalla":7,"stat.pickup.minecraft.glowstone":2,"stat.pickup.scpua.uglock":3,"stat.pickup.malisisdoors.iron_sliding_door":1,"stat.useItem.minecraft.stone_slab2":89543,"stat.useItem.chiselsandbits.chiseled_sand":23,"stat.drop.carpentersblocks.carpenters_hammer":1,"stat.drop.scp.level5card":17,"stat.useItem.chiselsandbits.chiseled_cloth":25,"stat.useItem.securitycraft.security_camera":9,"stat.pickup.scpua.lockeropenu":2,"stat.flyOneCm":42287955,"stat.useItem.chiselsandbits.chiseled_iron":24374,"stat.drop.sez.middlewall":1,"stat.drop.minecraft.snow_layer":1,"stat.pickup.architecturecraft.shape":10,"stat.drop.minecraft.gold_ingot":5,"stat.pickup.minecraft.redstone":16,"stat.timeSinceDeath":7746558,"stat.pickup.chiselsandbits.chiseled_iron":1,"stat.pickup.minecraft.stained_hardened_clay":1,"stat.drop.scp.card_reader":1,"stat.pickup.chiselsandbits.block_bit":14,"stat.pickup.scpua.painkillerpill":15,"stat.drop.architecturecraft.shape":2,"stat.drop.scple.metal_floor_b":1,"stat.drop.coloredlights.colored_dust_glowing":1,"stat.useItem.minecraft.lever":2,"stat.useItem.chiselsandbits.chiseled_glass":957,"stat.useItem.carpentersblocks.carpenters_slope":16,"stat.drop.chiselsandbits.chiseled_rock":1,"stat.useItem.invisiblights.light_rod":33,"stat.drop.minecraft.flint_and_steel":1,"stat.drop.minecraft.dirt":1,"stat.drop.scpua.umicrohid":8,"stat.useItem.scp.desk":8,"stat.pickup.mcwdoors.metal_door":3,"stat.pickup.carpentersblocks.carpenters_pressure_plate":20,"stat.useItem.minecraft.redstone":38,"stat.useItem.architecturecraft.shape":805,"stat.useItem.littletiles.recipe":1,"stat.pickup.carpentersblocks.carpenters_slope":24,"stat.useItem.scp.screwdriver":94,"stat.sprintOneCm":9403921,"stat.pickup.carpentersblocks.carpenters_hammer":2,"stat.useItem.scp.heavy_button":187,"stat.pickup.scp.sublevelwall":1,"stat.drop.scpua.uglock":5,"stat.drop.area_79_extras.telescope":1,"stat.useItem.scp.foundationceilingtile":2,"stat.pickup.securitycraft.security_camera":16,"stat.pickup.securitycraft.reinforced_planks":1,"stat.useItem.minecraft.snowball":5,"stat.useItem.minecraft.flint_and_steel":1,"stat.pickup.scp.level4card":1,"stat.pickup.scp.computer":2,"stat.pickup.chiselsandbits.chiseled_rock":2,"stat.drop.minecraft.snowball":2,"stat.drop.minecraft.golden_apple":5,"stat.useItem.chiselsandbits.chiseled_rock":11971,"stat.drop.chiselsandbits.block_bit":6,"stat.killEntity.scp.plague_doctor":1,"stat.useItem.scp.foundationwalla":5,"stat.pickup.minecraft.lever":2,"stat.deaths":4,"stat.drop":112,"stat.useItem.chiselsandbits.chiseled_ground":70,"stat.playOneMinute":10989924,"stat.pickup.minecraft.snowball":15,"stat.pickup.chiselsandbits.chisel_diamond":10,"stat.useItem.securitycraft.camera_monitor":34,"stat.chestOpened":3,"stat.useItem.minecraft.splash_potion":9,"stat.useItem.moarsigns.moar_sign":6,"stat.pickup.scpua.umedkit":1,"stat.pickup.scp.foundationceilingtile":4,"stat.useItem.invisiblights.light_source":168,"stat.drop.minecraft.apple":7,"stat.pickup.scp.level5card":17,"stat.jump":36812,"stat.fallOneCm":2206,"stat.useItem.sez.middlewall":8,"stat.crouchOneCm":2031195,"stat.drop.architecturecraft.largepulley":1,"stat.pickup.minecraft.dirt":40,"stat.drop.minecraft.glowstone":1,"stat.pickup.architecturecraft.cladding":16,"stat.pickup.scp.lamp":2,"stat.pickup.scpua.walls3d":1,"stat.pickup.minecraft.repeater":3,"stat.useItem.carpentersblocks.carpenters_pressure_plate":9,"stat.pickup.scp.foundationceiling":15,"stat.damageTaken":100830,"stat.pickup.scp.foundationwallb":1,"stat.pickup.scp.foundationwalla":9,"stat.noteblockTuned":25,"stat.pickup.minecraft.planks":3,"stat.pickup.minecraft.concrete":120,"stat.pickup.scp.card_reader":2,"stat.pickup.scp.foundationwalld":2,"stat.pickup.scp.level1card":25,"stat.pickup.scp.foundationwallc":2,"stat.pickup.scpua.uadrenaline":1,"stat.pickup.scp.foundationofficetop":64,"stat.useItem.scpcraft.sliding_door":1,"stat.damageDealt":400,"stat.sleepInBed":1,"stat.pickup.malisisdoors.customdooritem":16,"stat.drop.chiselsandbits.chisel_stone":1,"stat.pickup.scp.heavy_button":123,"stat.pickup.scple.metal_floor_b":1,"stat.pickup.minecraft.flint_and_steel":1,"stat.useItem.minecraft.command_block":1,"stat.walkOneCm":17156136,"stat.pickup.minecraft.golden_apple":9,"stat.pickup.scp.sliding_door":2,"stat.drop.chiselsandbits.chiseled_clay":1,"stat.pickup.scpcraft.sliding_door":2,"stat.pickup.scpua.umicrohid":8,"stat.pickup.coloredlights.colored_dust_glowing":1,"stat.pickup.scple.dark_concrete":150,"stat.drop.scp.level4card":1,"stat.useItem.scpua.painkillerpill":25,"stat.useItem.scple.dark_concrete":206,"stat.pickup.scpua.floors":3,"stat.pickup.scpua.painkiller":1,"stat.drop.minecraft.planks":1,"stat.pickup.sez.middlewall":1,"stat.pickup.minecraft.apple":3,"stat.useItem.minecraft.concrete":788,"stat.pickup.minecraft.gold_ingot":4,"stat.useItem.chiselsandbits.chiseled_clay":23841,"stat.pickup.chiselsandbits.chiseled_clay":9,"stat.pickup.invisiblights.light_rod_powered":2,"stat.mobKills":1,"stat.useItem.chiselsandbits.wrench_wood":61,"stat.pickup.scp.foundationceilinggrate":1,"stat.useItem.scp.foundationceiling":79,"stat.useItem.mcwdoors.metal_door":18,"stat.sneakTime":1578969,"stat.drop.scpua.uantimaterielrifle":1,"stat.pickup.minecraft.wool":2,"stat.useItem.malisisdoors.customdooritem":13,"stat.drop.minecraft.grass":1}