{"stat.walkOneCm":2694095,"stat.useItem.chiselsandbits.chiseled_glass":108,"stat.leaveGame":42,"stat.useItem.invisiblights.light_rod_powered":382,"stat.useItem.chiselsandbits.block_bit":18811,"stat.useItem.scple.metal_floor_a":2,"stat.jump":5517,"stat.useItem.scple.dark_concrete":17,"stat.drop.scp.foundationwalla":1,"stat.crouchOneCm":372890,"stat.sprintOneCm":1106519,"stat.useItem.chiselsandbits.chiseled_snow":512,"stat.useItem.minecraft.stone_slab2":17360,"stat.drop.chiselsandbits.chiseled_iron":1,"stat.useItem.scp.heavy_button":4,"stat.useItem.chiselsandbits.chiseled_clay":6644,"stat.pickup.securitycraft.security_camera":1,"stat.useItem.chiselsandbits.chiseled_cloth":5,"stat.pickup.scp.foundationwalla":1,"stat.useItem.chiselsandbits.chiseled_rock":2784,"stat.useItem.securitycraft.security_camera":1,"stat.useItem.scp.foundationwalla":6,"stat.flyOneCm":13949567,"stat.useItem.chiselsandbits.chiseled_iron":8167,"stat.drop":3,"stat.playOneMinute":2315348,"stat.drop.minecraft.snow":1,"stat.sneakTime":360262,"stat.pickup.minecraft.redstone":3,"stat.timeSinceDeath":2315348,"stat.pickup.chiselsandbits.chiseled_iron":1,"stat.pickup.malisisdoors.customdooritem":1,"stat.pickup.scp.heavy_button":3}