{"stat.walkOneCm":554245,"stat.pickup.minecraft.redstone_torch":1,"stat.useItem.chiselsandbits.chiseled_glass":32,"stat.leaveGame":10,"stat.pickup.scp.reinforcedwallc":1,"stat.useItem.invisiblights.light_rod_powered":55,"stat.useItem.invisiblights.light_rod":4,"stat.drop.chiselsandbits.chisel_diamond":1,"stat.useItem.chiselsandbits.block_bit":2443,"stat.jump":2872,"stat.drop.scp.reinforcedwallc":1,"stat.crouchOneCm":103775,"stat.sprintOneCm":376024,"stat.useItem.minecraft.stone_slab2":393,"stat.pickup.securitycraft.security_camera":3,"stat.useItem.chiselsandbits.chiseled_rock":978,"stat.flyOneCm":1683818,"stat.useItem.chiselsandbits.chiseled_iron":1175,"stat.drop":2,"stat.playOneMinute":588137,"stat.sneakTime":72291,"stat.timeSinceDeath":588137,"stat.pickup.chiselsandbits.chisel_diamond":1}